Population,Percentage ,Euploid ,Mosaic Low,Mosaic High,Aneuploid,P-value
1,9.5,6616,695,462,4088,0.04471716
2,10,6580,731,462,4088,0.33728345
3,10.5,6543,768,462,4088,0.87628421
4,11,6507,804,462,4088,0.99938667
5,11.5,6470,841,462,4088,0.75024983
6,12,6434,877,462,4088,0.25086397
7,12.5,6397,914,462,4088,0.03288278
Clinical Data ,N/A,6512,799,462,4088,N/A
