PopulationID,Euploid_Count,Mosaic_Low_Count,Mosaic_High_Count,Aneuploid_Count,ChiSquaredStatistic,ChiSquaredPValue,
1,6537,664,426,4233,16.49133286,0.000899072,100%
2,5385,1739,489,4247,458.7082255,4.2308385724968e-99,50/50
3,5760,1392,466,4242,209.4421262,3.84371495887846e-45,3rds
4,5954,1224,467,4215,116.2321915,4.99796211201605e-25,4ths
5,6174,982,444,4260,31.71041571,6.02298056734923e-07,6ths
